<?xml version="1.0" encoding="UTF-8"?>
<!DOCTYPE mapper PUBLIC "-//mybatis.org//DTD Mapper 3.0//EN" "http://mybatis.org/dtd/mybatis-3-mapper.dtd">
<mapper namespace="com.mashibing.webmaster.mapper.ClientBusinessMapper">
  <resultMap id="BaseResultMap" type="com.mashibing.webmaster.entity.ClientBusiness">
    <id column="id" jdbcType="BIGINT" property="id" />
    <result column="corpname" jdbcType="VARCHAR" property="corpname" />
    <result column="apikey" jdbcType="VARCHAR" property="apikey" />
    <result column="ip_address" jdbcType="VARCHAR" property="ipAddress" />
    <result column="is_callback" jdbcType="TINYINT" property="isCallback" />
    <result column="callback_url" jdbcType="VARCHAR" property="callbackUrl" />
    <result column="client_linkname" jdbcType="VARCHAR" property="clientLinkname" />
    <result column="client_phone" jdbcType="VARCHAR" property="clientPhone" />
    <result column="client_filters" jdbcType="VARCHAR" property="clientFilters" />
    <result column="created" jdbcType="TIMESTAMP" property="created" />
    <result column="create_id" jdbcType="BIGINT" property="createId" />
    <result column="updated" jdbcType="TIMESTAMP" property="updated" />
    <result column="update_id" jdbcType="BIGINT" property="updateId" />
    <result column="is_delete" jdbcType="TINYINT" property="isDelete" />
    <result column="extend1" jdbcType="VARCHAR" property="extend1" />
    <result column="extend2" jdbcType="VARCHAR" property="extend2" />
    <result column="extend3" jdbcType="VARCHAR" property="extend3" />
    <result column="extend4" jdbcType="VARCHAR" property="extend4" />
  </resultMap>
  <sql id="Example_Where_Clause">
    <where>
      <foreach collection="oredCriteria" item="criteria" separator="or">
        <if test="criteria.valid">
          <trim prefix="(" prefixOverrides="and" suffix=")">
            <foreach collection="criteria.criteria" item="criterion">
              <choose>
                <when test="criterion.noValue">
                  and ${criterion.condition}
                </when>
                <when test="criterion.singleValue">
                  and ${criterion.condition} #{criterion.value}
                </when>
                <when test="criterion.betweenValue">
                  and ${criterion.condition} #{criterion.value} and #{criterion.secondValue}
                </when>
                <when test="criterion.listValue">
                  and ${criterion.condition}
                  <foreach close=")" collection="criterion.value" item="listItem" open="(" separator=",">
                    #{listItem}
                  </foreach>
                </when>
              </choose>
            </foreach>
          </trim>
        </if>
      </foreach>
    </where>
  </sql>
  <sql id="Update_By_Example_Where_Clause">
    <where>
      <foreach collection="example.oredCriteria" item="criteria" separator="or">
        <if test="criteria.valid">
          <trim prefix="(" prefixOverrides="and" suffix=")">
            <foreach collection="criteria.criteria" item="criterion">
              <choose>
                <when test="criterion.noValue">
                  and ${criterion.condition}
                </when>
                <when test="criterion.singleValue">
                  and ${criterion.condition} #{criterion.value}
                </when>
                <when test="criterion.betweenValue">
                  and ${criterion.condition} #{criterion.value} and #{criterion.secondValue}
                </when>
                <when test="criterion.listValue">
                  and ${criterion.condition}
                  <foreach close=")" collection="criterion.value" item="listItem" open="(" separator=",">
                    #{listItem}
                  </foreach>
                </when>
              </choose>
            </foreach>
          </trim>
        </if>
      </foreach>
    </where>
  </sql>
  <sql id="Base_Column_List">
    id, corpname, apikey, ip_address, is_callback, callback_url, client_linkname, client_phone, 
    client_filters, created, create_id, updated, update_id, is_delete, extend1, extend2, 
    extend3, extend4
  </sql>
  <select id="selectByExample" parameterType="com.mashibing.webmaster.entity.ClientBusinessExample" resultMap="BaseResultMap">
    select
    <if test="distinct">
      distinct
    </if>
    <include refid="Base_Column_List" />
    from client_business
    <if test="_parameter != null">
      <include refid="Example_Where_Clause" />
    </if>
    <if test="orderByClause != null">
      order by ${orderByClause}
    </if>
  </select>
  <select id="selectByPrimaryKey" parameterType="java.lang.Long" resultMap="BaseResultMap">
    select 
    <include refid="Base_Column_List" />
    from client_business
    where id = #{id,jdbcType=BIGINT}
  </select>
  <delete id="deleteByPrimaryKey" parameterType="java.lang.Long">
    delete from client_business
    where id = #{id,jdbcType=BIGINT}
  </delete>
  <delete id="deleteByExample" parameterType="com.mashibing.webmaster.entity.ClientBusinessExample">
    delete from client_business
    <if test="_parameter != null">
      <include refid="Example_Where_Clause" />
    </if>
  </delete>
  <insert id="insert" parameterType="com.mashibing.webmaster.entity.ClientBusiness">
    insert into client_business (id, corpname, apikey, 
      ip_address, is_callback, callback_url, 
      client_linkname, client_phone, client_filters, 
      created, create_id, updated, 
      update_id, is_delete, extend1, 
      extend2, extend3, extend4
      )
    values (#{id,jdbcType=BIGINT}, #{corpname,jdbcType=VARCHAR}, #{apikey,jdbcType=VARCHAR}, 
      #{ipAddress,jdbcType=VARCHAR}, #{isCallback,jdbcType=TINYINT}, #{callbackUrl,jdbcType=VARCHAR}, 
      #{clientLinkname,jdbcType=VARCHAR}, #{clientPhone,jdbcType=VARCHAR}, #{clientFilters,jdbcType=VARCHAR}, 
      #{created,jdbcType=TIMESTAMP}, #{createId,jdbcType=BIGINT}, #{updated,jdbcType=TIMESTAMP}, 
      #{updateId,jdbcType=BIGINT}, #{isDelete,jdbcType=TINYINT}, #{extend1,jdbcType=VARCHAR}, 
      #{extend2,jdbcType=VARCHAR}, #{extend3,jdbcType=VARCHAR}, #{extend4,jdbcType=VARCHAR}
      )
  </insert>
  <insert id="insertSelective" parameterType="com.mashibing.webmaster.entity.ClientBusiness">
    insert into client_business
    <trim prefix="(" suffix=")" suffixOverrides=",">
      <if test="id != null">
        id,
      </if>
      <if test="corpname != null">
        corpname,
      </if>
      <if test="apikey != null">
        apikey,
      </if>
      <if test="ipAddress != null">
        ip_address,
      </if>
      <if test="isCallback != null">
        is_callback,
      </if>
      <if test="callbackUrl != null">
        callback_url,
      </if>
      <if test="clientLinkname != null">
        client_linkname,
      </if>
      <if test="clientPhone != null">
        client_phone,
      </if>
      <if test="clientFilters != null">
        client_filters,
      </if>
      <if test="created != null">
        created,
      </if>
      <if test="createId != null">
        create_id,
      </if>
      <if test="updated != null">
        updated,
      </if>
      <if test="updateId != null">
        update_id,
      </if>
      <if test="isDelete != null">
        is_delete,
      </if>
      <if test="extend1 != null">
        extend1,
      </if>
      <if test="extend2 != null">
        extend2,
      </if>
      <if test="extend3 != null">
        extend3,
      </if>
      <if test="extend4 != null">
        extend4,
      </if>
    </trim>
    <trim prefix="values (" suffix=")" suffixOverrides=",">
      <if test="id != null">
        #{id,jdbcType=BIGINT},
      </if>
      <if test="corpname != null">
        #{corpname,jdbcType=VARCHAR},
      </if>
      <if test="apikey != null">
        #{apikey,jdbcType=VARCHAR},
      </if>
      <if test="ipAddress != null">
        #{ipAddress,jdbcType=VARCHAR},
      </if>
      <if test="isCallback != null">
        #{isCallback,jdbcType=TINYINT},
      </if>
      <if test="callbackUrl != null">
        #{callbackUrl,jdbcType=VARCHAR},
      </if>
      <if test="clientLinkname != null">
        #{clientLinkname,jdbcType=VARCHAR},
      </if>
      <if test="clientPhone != null">
        #{clientPhone,jdbcType=VARCHAR},
      </if>
      <if test="clientFilters != null">
        #{clientFilters,jdbcType=VARCHAR},
      </if>
      <if test="created != null">
        #{created,jdbcType=TIMESTAMP},
      </if>
      <if test="createId != null">
        #{createId,jdbcType=BIGINT},
      </if>
      <if test="updated != null">
        #{updated,jdbcType=TIMESTAMP},
      </if>
      <if test="updateId != null">
        #{updateId,jdbcType=BIGINT},
      </if>
      <if test="isDelete != null">
        #{isDelete,jdbcType=TINYINT},
      </if>
      <if test="extend1 != null">
        #{extend1,jdbcType=VARCHAR},
      </if>
      <if test="extend2 != null">
        #{extend2,jdbcType=VARCHAR},
      </if>
      <if test="extend3 != null">
        #{extend3,jdbcType=VARCHAR},
      </if>
      <if test="extend4 != null">
        #{extend4,jdbcType=VARCHAR},
      </if>
    </trim>
  </insert>
  <select id="countByExample" parameterType="com.mashibing.webmaster.entity.ClientBusinessExample" resultType="java.lang.Long">
    select count(*) from client_business
    <if test="_parameter != null">
      <include refid="Example_Where_Clause" />
    </if>
  </select>
  <update id="updateByExampleSelective" parameterType="map">
    update client_business
    <set>
      <if test="row.id != null">
        id = #{row.id,jdbcType=BIGINT},
      </if>
      <if test="row.corpname != null">
        corpname = #{row.corpname,jdbcType=VARCHAR},
      </if>
      <if test="row.apikey != null">
        apikey = #{row.apikey,jdbcType=VARCHAR},
      </if>
      <if test="row.ipAddress != null">
        ip_address = #{row.ipAddress,jdbcType=VARCHAR},
      </if>
      <if test="row.isCallback != null">
        is_callback = #{row.isCallback,jdbcType=TINYINT},
      </if>
      <if test="row.callbackUrl != null">
        callback_url = #{row.callbackUrl,jdbcType=VARCHAR},
      </if>
      <if test="row.clientLinkname != null">
        client_linkname = #{row.clientLinkname,jdbcType=VARCHAR},
      </if>
      <if test="row.clientPhone != null">
        client_phone = #{row.clientPhone,jdbcType=VARCHAR},
      </if>
      <if test="row.clientFilters != null">
        client_filters = #{row.clientFilters,jdbcType=VARCHAR},
      </if>
      <if test="row.created != null">
        created = #{row.created,jdbcType=TIMESTAMP},
      </if>
      <if test="row.createId != null">
        create_id = #{row.createId,jdbcType=BIGINT},
      </if>
      <if test="row.updated != null">
        updated = #{row.updated,jdbcType=TIMESTAMP},
      </if>
      <if test="row.updateId != null">
        update_id = #{row.updateId,jdbcType=BIGINT},
      </if>
      <if test="row.isDelete != null">
        is_delete = #{row.isDelete,jdbcType=TINYINT},
      </if>
      <if test="row.extend1 != null">
        extend1 = #{row.extend1,jdbcType=VARCHAR},
      </if>
      <if test="row.extend2 != null">
        extend2 = #{row.extend2,jdbcType=VARCHAR},
      </if>
      <if test="row.extend3 != null">
        extend3 = #{row.extend3,jdbcType=VARCHAR},
      </if>
      <if test="row.extend4 != null">
        extend4 = #{row.extend4,jdbcType=VARCHAR},
      </if>
    </set>
    <if test="example != null">
      <include refid="Update_By_Example_Where_Clause" />
    </if>
  </update>
  <update id="updateByExample" parameterType="map">
    update client_business
    set id = #{row.id,jdbcType=BIGINT},
      corpname = #{row.corpname,jdbcType=VARCHAR},
      apikey = #{row.apikey,jdbcType=VARCHAR},
      ip_address = #{row.ipAddress,jdbcType=VARCHAR},
      is_callback = #{row.isCallback,jdbcType=TINYINT},
      callback_url = #{row.callbackUrl,jdbcType=VARCHAR},
      client_linkname = #{row.clientLinkname,jdbcType=VARCHAR},
      client_phone = #{row.clientPhone,jdbcType=VARCHAR},
      client_filters = #{row.clientFilters,jdbcType=VARCHAR},
      created = #{row.created,jdbcType=TIMESTAMP},
      create_id = #{row.createId,jdbcType=BIGINT},
      updated = #{row.updated,jdbcType=TIMESTAMP},
      update_id = #{row.updateId,jdbcType=BIGINT},
      is_delete = #{row.isDelete,jdbcType=TINYINT},
      extend1 = #{row.extend1,jdbcType=VARCHAR},
      extend2 = #{row.extend2,jdbcType=VARCHAR},
      extend3 = #{row.extend3,jdbcType=VARCHAR},
      extend4 = #{row.extend4,jdbcType=VARCHAR}
    <if test="example != null">
      <include refid="Update_By_Example_Where_Clause" />
    </if>
  </update>
  <update id="updateByPrimaryKeySelective" parameterType="com.mashibing.webmaster.entity.ClientBusiness">
    update client_business
    <set>
      <if test="corpname != null">
        corpname = #{corpname,jdbcType=VARCHAR},
      </if>
      <if test="apikey != null">
        apikey = #{apikey,jdbcType=VARCHAR},
      </if>
      <if test="ipAddress != null">
        ip_address = #{ipAddress,jdbcType=VARCHAR},
      </if>
      <if test="isCallback != null">
        is_callback = #{isCallback,jdbcType=TINYINT},
      </if>
      <if test="callbackUrl != null">
        callback_url = #{callbackUrl,jdbcType=VARCHAR},
      </if>
      <if test="clientLinkname != null">
        client_linkname = #{clientLinkname,jdbcType=VARCHAR},
      </if>
      <if test="clientPhone != null">
        client_phone = #{clientPhone,jdbcType=VARCHAR},
      </if>
      <if test="clientFilters != null">
        client_filters = #{clientFilters,jdbcType=VARCHAR},
      </if>
      <if test="created != null">
        created = #{created,jdbcType=TIMESTAMP},
      </if>
      <if test="createId != null">
        create_id = #{createId,jdbcType=BIGINT},
      </if>
      <if test="updated != null">
        updated = #{updated,jdbcType=TIMESTAMP},
      </if>
      <if test="updateId != null">
        update_id = #{updateId,jdbcType=BIGINT},
      </if>
      <if test="isDelete != null">
        is_delete = #{isDelete,jdbcType=TINYINT},
      </if>
      <if test="extend1 != null">
        extend1 = #{extend1,jdbcType=VARCHAR},
      </if>
      <if test="extend2 != null">
        extend2 = #{extend2,jdbcType=VARCHAR},
      </if>
      <if test="extend3 != null">
        extend3 = #{extend3,jdbcType=VARCHAR},
      </if>
      <if test="extend4 != null">
        extend4 = #{extend4,jdbcType=VARCHAR},
      </if>
    </set>
    where id = #{id,jdbcType=BIGINT}
  </update>
  <update id="updateByPrimaryKey" parameterType="com.mashibing.webmaster.entity.ClientBusiness">
    update client_business
    set corpname = #{corpname,jdbcType=VARCHAR},
      apikey = #{apikey,jdbcType=VARCHAR},
      ip_address = #{ipAddress,jdbcType=VARCHAR},
      is_callback = #{isCallback,jdbcType=TINYINT},
      callback_url = #{callbackUrl,jdbcType=VARCHAR},
      client_linkname = #{clientLinkname,jdbcType=VARCHAR},
      client_phone = #{clientPhone,jdbcType=VARCHAR},
      client_filters = #{clientFilters,jdbcType=VARCHAR},
      created = #{created,jdbcType=TIMESTAMP},
      create_id = #{createId,jdbcType=BIGINT},
      updated = #{updated,jdbcType=TIMESTAMP},
      update_id = #{updateId,jdbcType=BIGINT},
      is_delete = #{isDelete,jdbcType=TINYINT},
      extend1 = #{extend1,jdbcType=VARCHAR},
      extend2 = #{extend2,jdbcType=VARCHAR},
      extend3 = #{extend3,jdbcType=VARCHAR},
      extend4 = #{extend4,jdbcType=VARCHAR}
    where id = #{id,jdbcType=BIGINT}
  </update>
</mapper>