<?xml version="1.0" encoding="UTF-8"?>
<!DOCTYPE mapper PUBLIC "-//mybatis.org//DTD Mapper 3.0//EN" "http://mybatis.org/dtd/mybatis-3-mapper.dtd">
<mapper namespace="com.mashibing.webmaster.mapper.SmsMenuMapper">
    <resultMap id="BaseResultMap" type="com.mashibing.webmaster.entity.SmsMenu">
        <id column="id" jdbcType="INTEGER" property="id"/>
        <result column="name" jdbcType="VARCHAR" property="name"/>
        <result column="parent_id" jdbcType="BIGINT" property="parentId"/>
        <result column="url" jdbcType="VARCHAR" property="url"/>
        <result column="icon" jdbcType="VARCHAR" property="icon"/>
        <result column="type" jdbcType="INTEGER" property="type"/>
        <result column="sort" jdbcType="INTEGER" property="sort"/>
        <result column="created" jdbcType="TIMESTAMP" property="created"/>
        <result column="create_id" jdbcType="BIGINT" property="createId"/>
        <result column="updated" jdbcType="TIMESTAMP" property="updated"/>
        <result column="update_id" jdbcType="BIGINT" property="updateId"/>
        <result column="is_delete" jdbcType="TINYINT" property="isDelete"/>
        <result column="extend1" jdbcType="VARCHAR" property="extend1"/>
        <result column="extend2" jdbcType="VARCHAR" property="extend2"/>
        <result column="extend3" jdbcType="VARCHAR" property="extend3"/>
        <result column="extend4" jdbcType="VARCHAR" property="extend4"/>
    </resultMap>
    <sql id="Example_Where_Clause">
        <where>
            <foreach collection="oredCriteria" item="criteria" separator="or">
                <if test="criteria.valid">
                    <trim prefix="(" prefixOverrides="and" suffix=")">
                        <foreach collection="criteria.criteria" item="criterion">
                            <choose>
                                <when test="criterion.noValue">
                                    and ${criterion.condition}
                                </when>
                                <when test="criterion.singleValue">
                                    and ${criterion.condition} #{criterion.value}
                                </when>
                                <when test="criterion.betweenValue">
                                    and ${criterion.condition} #{criterion.value} and #{criterion.secondValue}
                                </when>
                                <when test="criterion.listValue">
                                    and ${criterion.condition}
                                    <foreach close=")" collection="criterion.value" item="listItem" open="("
                                             separator=",">
                                        #{listItem}
                                    </foreach>
                                </when>
                            </choose>
                        </foreach>
                    </trim>
                </if>
            </foreach>
        </where>
    </sql>
    <sql id="Update_By_Example_Where_Clause">
        <where>
            <foreach collection="example.oredCriteria" item="criteria" separator="or">
                <if test="criteria.valid">
                    <trim prefix="(" prefixOverrides="and" suffix=")">
                        <foreach collection="criteria.criteria" item="criterion">
                            <choose>
                                <when test="criterion.noValue">
                                    and ${criterion.condition}
                                </when>
                                <when test="criterion.singleValue">
                                    and ${criterion.condition} #{criterion.value}
                                </when>
                                <when test="criterion.betweenValue">
                                    and ${criterion.condition} #{criterion.value} and #{criterion.secondValue}
                                </when>
                                <when test="criterion.listValue">
                                    and ${criterion.condition}
                                    <foreach close=")" collection="criterion.value" item="listItem" open="("
                                             separator=",">
                                        #{listItem}
                                    </foreach>
                                </when>
                            </choose>
                        </foreach>
                    </trim>
                </if>
            </foreach>
        </where>
    </sql>
    <sql id="Base_Column_List">
    id, name, parent_id, url, icon, type, sort, created, create_id, updated, update_id, 
    is_delete, extend1, extend2, extend3, extend4
  </sql>
    <select id="selectByExample" parameterType="com.mashibing.webmaster.entity.SmsMenuExample"
            resultMap="BaseResultMap">
        select
        <if test="distinct">
            distinct
        </if>
        <include refid="Base_Column_List"/>
        from sms_menu
        <if test="_parameter != null">
            <include refid="Example_Where_Clause"/>
        </if>
        <if test="orderByClause != null">
            order by ${orderByClause}
        </if>
    </select>
    <select id="selectByPrimaryKey" parameterType="java.lang.Integer" resultMap="BaseResultMap">
        select
        <include refid="Base_Column_List"/>
        from sms_menu
        where id = #{id,jdbcType=INTEGER}
    </select>
    <delete id="deleteByPrimaryKey" parameterType="java.lang.Integer">
    delete from sms_menu
    where id = #{id,jdbcType=INTEGER}
  </delete>
    <delete id="deleteByExample" parameterType="com.mashibing.webmaster.entity.SmsMenuExample">
        delete from sms_menu
        <if test="_parameter != null">
            <include refid="Example_Where_Clause"/>
        </if>
    </delete>
    <insert id="insert" parameterType="com.mashibing.webmaster.entity.SmsMenu">
    insert into sms_menu (id, name, parent_id, 
      url, icon, type, sort, 
      created, create_id, updated, 
      update_id, is_delete, extend1, 
      extend2, extend3, extend4
      )
    values (#{id,jdbcType=INTEGER}, #{name,jdbcType=VARCHAR}, #{parentId,jdbcType=BIGINT}, 
      #{url,jdbcType=VARCHAR}, #{icon,jdbcType=VARCHAR}, #{type,jdbcType=INTEGER}, #{sort,jdbcType=INTEGER}, 
      #{created,jdbcType=TIMESTAMP}, #{createId,jdbcType=BIGINT}, #{updated,jdbcType=TIMESTAMP}, 
      #{updateId,jdbcType=BIGINT}, #{isDelete,jdbcType=TINYINT}, #{extend1,jdbcType=VARCHAR}, 
      #{extend2,jdbcType=VARCHAR}, #{extend3,jdbcType=VARCHAR}, #{extend4,jdbcType=VARCHAR}
      )
  </insert>
    <insert id="insertSelective" parameterType="com.mashibing.webmaster.entity.SmsMenu">
        insert into sms_menu
        <trim prefix="(" suffix=")" suffixOverrides=",">
            <if test="id != null">
                id,
            </if>
            <if test="name != null">
                name,
            </if>
            <if test="parentId != null">
                parent_id,
            </if>
            <if test="url != null">
                url,
            </if>
            <if test="icon != null">
                icon,
            </if>
            <if test="type != null">
                type,
            </if>
            <if test="sort != null">
                sort,
            </if>
            <if test="created != null">
                created,
            </if>
            <if test="createId != null">
                create_id,
            </if>
            <if test="updated != null">
                updated,
            </if>
            <if test="updateId != null">
                update_id,
            </if>
            <if test="isDelete != null">
                is_delete,
            </if>
            <if test="extend1 != null">
                extend1,
            </if>
            <if test="extend2 != null">
                extend2,
            </if>
            <if test="extend3 != null">
                extend3,
            </if>
            <if test="extend4 != null">
                extend4,
            </if>
        </trim>
        <trim prefix="values (" suffix=")" suffixOverrides=",">
            <if test="id != null">
                #{id,jdbcType=INTEGER},
            </if>
            <if test="name != null">
                #{name,jdbcType=VARCHAR},
            </if>
            <if test="parentId != null">
                #{parentId,jdbcType=BIGINT},
            </if>
            <if test="url != null">
                #{url,jdbcType=VARCHAR},
            </if>
            <if test="icon != null">
                #{icon,jdbcType=VARCHAR},
            </if>
            <if test="type != null">
                #{type,jdbcType=INTEGER},
            </if>
            <if test="sort != null">
                #{sort,jdbcType=INTEGER},
            </if>
            <if test="created != null">
                #{created,jdbcType=TIMESTAMP},
            </if>
            <if test="createId != null">
                #{createId,jdbcType=BIGINT},
            </if>
            <if test="updated != null">
                #{updated,jdbcType=TIMESTAMP},
            </if>
            <if test="updateId != null">
                #{updateId,jdbcType=BIGINT},
            </if>
            <if test="isDelete != null">
                #{isDelete,jdbcType=TINYINT},
            </if>
            <if test="extend1 != null">
                #{extend1,jdbcType=VARCHAR},
            </if>
            <if test="extend2 != null">
                #{extend2,jdbcType=VARCHAR},
            </if>
            <if test="extend3 != null">
                #{extend3,jdbcType=VARCHAR},
            </if>
            <if test="extend4 != null">
                #{extend4,jdbcType=VARCHAR},
            </if>
        </trim>
    </insert>
    <select id="countByExample" parameterType="com.mashibing.webmaster.entity.SmsMenuExample"
            resultType="java.lang.Long">
        select count(*) from sms_menu
        <if test="_parameter != null">
            <include refid="Example_Where_Clause"/>
        </if>
    </select>
    <update id="updateByExampleSelective" parameterType="map">
        update sms_menu
        <set>
            <if test="row.id != null">
                id = #{row.id,jdbcType=INTEGER},
            </if>
            <if test="row.name != null">
                name = #{row.name,jdbcType=VARCHAR},
            </if>
            <if test="row.parentId != null">
                parent_id = #{row.parentId,jdbcType=BIGINT},
            </if>
            <if test="row.url != null">
                url = #{row.url,jdbcType=VARCHAR},
            </if>
            <if test="row.icon != null">
                icon = #{row.icon,jdbcType=VARCHAR},
            </if>
            <if test="row.type != null">
                type = #{row.type,jdbcType=INTEGER},
            </if>
            <if test="row.sort != null">
                sort = #{row.sort,jdbcType=INTEGER},
            </if>
            <if test="row.created != null">
                created = #{row.created,jdbcType=TIMESTAMP},
            </if>
            <if test="row.createId != null">
                create_id = #{row.createId,jdbcType=BIGINT},
            </if>
            <if test="row.updated != null">
                updated = #{row.updated,jdbcType=TIMESTAMP},
            </if>
            <if test="row.updateId != null">
                update_id = #{row.updateId,jdbcType=BIGINT},
            </if>
            <if test="row.isDelete != null">
                is_delete = #{row.isDelete,jdbcType=TINYINT},
            </if>
            <if test="row.extend1 != null">
                extend1 = #{row.extend1,jdbcType=VARCHAR},
            </if>
            <if test="row.extend2 != null">
                extend2 = #{row.extend2,jdbcType=VARCHAR},
            </if>
            <if test="row.extend3 != null">
                extend3 = #{row.extend3,jdbcType=VARCHAR},
            </if>
            <if test="row.extend4 != null">
                extend4 = #{row.extend4,jdbcType=VARCHAR},
            </if>
        </set>
        <if test="example != null">
            <include refid="Update_By_Example_Where_Clause"/>
        </if>
    </update>
    <update id="updateByExample" parameterType="map">
        update sms_menu
        set id = #{row.id,jdbcType=INTEGER},
        name = #{row.name,jdbcType=VARCHAR},
        parent_id = #{row.parentId,jdbcType=BIGINT},
        url = #{row.url,jdbcType=VARCHAR},
        icon = #{row.icon,jdbcType=VARCHAR},
        type = #{row.type,jdbcType=INTEGER},
        sort = #{row.sort,jdbcType=INTEGER},
        created = #{row.created,jdbcType=TIMESTAMP},
        create_id = #{row.createId,jdbcType=BIGINT},
        updated = #{row.updated,jdbcType=TIMESTAMP},
        update_id = #{row.updateId,jdbcType=BIGINT},
        is_delete = #{row.isDelete,jdbcType=TINYINT},
        extend1 = #{row.extend1,jdbcType=VARCHAR},
        extend2 = #{row.extend2,jdbcType=VARCHAR},
        extend3 = #{row.extend3,jdbcType=VARCHAR},
        extend4 = #{row.extend4,jdbcType=VARCHAR}
        <if test="example != null">
            <include refid="Update_By_Example_Where_Clause"/>
        </if>
    </update>
    <update id="updateByPrimaryKeySelective" parameterType="com.mashibing.webmaster.entity.SmsMenu">
        update sms_menu
        <set>
            <if test="name != null">
                name = #{name,jdbcType=VARCHAR},
            </if>
            <if test="parentId != null">
                parent_id = #{parentId,jdbcType=BIGINT},
            </if>
            <if test="url != null">
                url = #{url,jdbcType=VARCHAR},
            </if>
            <if test="icon != null">
                icon = #{icon,jdbcType=VARCHAR},
            </if>
            <if test="type != null">
                type = #{type,jdbcType=INTEGER},
            </if>
            <if test="sort != null">
                sort = #{sort,jdbcType=INTEGER},
            </if>
            <if test="created != null">
                created = #{created,jdbcType=TIMESTAMP},
            </if>
            <if test="createId != null">
                create_id = #{createId,jdbcType=BIGINT},
            </if>
            <if test="updated != null">
                updated = #{updated,jdbcType=TIMESTAMP},
            </if>
            <if test="updateId != null">
                update_id = #{updateId,jdbcType=BIGINT},
            </if>
            <if test="isDelete != null">
                is_delete = #{isDelete,jdbcType=TINYINT},
            </if>
            <if test="extend1 != null">
                extend1 = #{extend1,jdbcType=VARCHAR},
            </if>
            <if test="extend2 != null">
                extend2 = #{extend2,jdbcType=VARCHAR},
            </if>
            <if test="extend3 != null">
                extend3 = #{extend3,jdbcType=VARCHAR},
            </if>
            <if test="extend4 != null">
                extend4 = #{extend4,jdbcType=VARCHAR},
            </if>
        </set>
        where id = #{id,jdbcType=INTEGER}
    </update>
    <update id="updateByPrimaryKey" parameterType="com.mashibing.webmaster.entity.SmsMenu">
    update sms_menu
    set name = #{name,jdbcType=VARCHAR},
      parent_id = #{parentId,jdbcType=BIGINT},
      url = #{url,jdbcType=VARCHAR},
      icon = #{icon,jdbcType=VARCHAR},
      type = #{type,jdbcType=INTEGER},
      sort = #{sort,jdbcType=INTEGER},
      created = #{created,jdbcType=TIMESTAMP},
      create_id = #{createId,jdbcType=BIGINT},
      updated = #{updated,jdbcType=TIMESTAMP},
      update_id = #{updateId,jdbcType=BIGINT},
      is_delete = #{isDelete,jdbcType=TINYINT},
      extend1 = #{extend1,jdbcType=VARCHAR},
      extend2 = #{extend2,jdbcType=VARCHAR},
      extend3 = #{extend3,jdbcType=VARCHAR},
      extend4 = #{extend4,jdbcType=VARCHAR}
    where id = #{id,jdbcType=INTEGER}
  </update>

    <!--    /**-->
    <!--    * 根据用户id查询当前用户的一级和二级菜单-->
    <!--    * @param id-->
    <!--    * @return-->
    <!--    */-->
    <!--    List<Map<String, Object>> findMenuByUserId(@Param("userId") Integer id)-->
    <select id="findMenuByUserId" resultType="java.util.Map">
        select
            m.id id, m.name, m.parent_id parentId, m.url, m.icon, m.type
        from
            sms_menu m
        inner join sms_role_menu rm on m.id = rm.menu_id
        inner join sms_user_role ur on ur.role_id = rm.role_id
        where
            ur.user_id = 1
            and m.type in (0,1)
        order by m.type
    </select>
</mapper>