{
  "menuList": [
    {
      "menuId": 1,
      "parentId": 0,
      "parentName": null,
      "name": "系统管理",
      "url": null,
      "perms": null,
      "type": 0,
      "icon": "fa fa-cog",
      "orderNum": 0,
      "open": null,
      "list": [
        {
          "menuId": 2,
          "parentId": 1,
          "parentName": null,
          "name": "用户管理",
          "url": "sys/user.html",
          "perms": null,
          "type": 1,
          "icon": "fa fa-user",
          "orderNum": 1,
          "open": null,
          "list": null
        },
        {
          "menuId": 3,
          "parentId": 1,
          "parentName": null,
          "name": "角色管理",
          "url": "sys/role.html",
          "perms": null,
          "type": 1,
          "icon": "fa fa-user-secret",
          "orderNum": 2,
          "open": null,
          "list": null
        },
        {
          "menuId": 4,
          "parentId": 1,
          "parentName": null,
          "name": "菜单管理",
          "url": "sys/menu.html",
          "perms": null,
          "type": 1,
          "icon": "fa fa-th-list",
          "orderNum": 3,
          "open": null,
          "list": null
        },
        {
          "menuId": 5,
          "parentId": 1,
          "parentName": null,
          "name": "SQL监控",
          "url": "druid/sql.html",
          "perms": null,
          "type": 1,
          "icon": "fa fa-bug",
          "orderNum": 4,
          "open": null,
          "list": null
        },
        {
          "menuId": 6,
          "parentId": 1,
          "parentName": null,
          "name": "定时任务管理",
          "url": "sys/schedule.html",
          "perms": null,
          "type": 1,
          "icon": "fa fa-tasks",
          "orderNum": 5,
          "open": null,
          "list": null
        },
        {
          "menuId": 27,
          "parentId": 1,
          "parentName": null,
          "name": "参数管理",
          "url": "sys/config.html",
          "perms": "sys:config:list,sys:config:info,sys:config:save,sys:config:update,sys:config:delete",
          "type": 1,
          "icon": "fa fa-sun-o",
          "orderNum": 6,
          "open": null,
          "list": null
        },
        {
          "menuId": 29,
          "parentId": 1,
          "parentName": null,
          "name": "系统日志",
          "url": "sys/log.html",
          "perms": "sys:log:list",
          "type": 1,
          "icon": "fa fa-file-text-o",
          "orderNum": 7,
          "open": null,
          "list": null
        }
      ]
    },
    {
      "menuId": 1,
      "parentId": 0,
      "parentName": null,
      "name": "伴我汽车管理",
      "url": null,
      "perms": null,
      "type": 0,
      "icon": "fa fa-cog",
      "orderNum": 0,
      "open": null,
      "list": [
        {
          "menuId": 2,
          "parentId": 1,
          "parentName": null,
          "name": "咨询管理",
          "url": "article/article.html",
          "perms": null,
          "type": 1,
          "icon": "fa fa-user",
          "orderNum": 1,
          "open": null,
          "list": null
        },
        {
          "menuId": 3,
          "parentId": 1,
          "parentName": null,
          "name": "标签管理",
          "url": "tag/tag.html",
          "perms": null,
          "type": 1,
          "icon": "fa fa-user-secret",
          "orderNum": 2,
          "open": null,
          "list": null
        },
        {
          "menuId": 3,
          "parentId": 1,
          "parentName": null,
          "name": "车型库管理",
          "url": "car/car.html",
          "perms": null,
          "type": 1,
          "icon": "fa fa-user-secret",
          "orderNum": 2,
          "open": null,
          "list": null
        }
      ]
    }
  ],
  "code": 0,
  "permissions": [
    "sys:schedule:info",
    "sys:menu:update",
    "sys:menu:delete",
    "sys:config:info",
    "sys:generator:list",
    "sys:menu:list",
    "sys:config:save",
    "sys:menu:perms",
    "sys:config:update",
    "sys:schedule:resume",
    "sys:user:delete",
    "sys:config:list",
    "sys:user:update",
    "sys:role:list",
    "sys:menu:info",
    "sys:menu:select",
    "sys:schedule:update",
    "sys:schedule:save",
    "sys:role:select",
    "sys:user:list",
    "sys:menu:save",
    "sys:role:save",
    "sys:schedule:log",
    "sys:role:info",
    "sys:schedule:delete",
    "sys:role:update",
    "sys:schedule:list",
    "sys:user:info",
    "sys:generator:code",
    "sys:schedule:run",
    "sys:config:delete",
    "sys:role:delete",
    "sys:user:save",
    "sys:schedule:pause",
    "sys:log:list"
  ]
}